train_idx,x_rm,y_a,d_raw,m_raw,a_raw
342,-1.5047138929367065,-0.11307527869939804,0.002420459408313036,14.639037132263184,0.06880798190832138
360,-0.24364836513996124,-0.09426013380289078,0.0026686950586736202,12.064164161682129,0.0839870497584343
383,0.834549069404602,0.6513680219650269,0.003050795989111066,10.916956901550293,0.7945812344551086
386,-0.10109347105026245,-0.21110661327838898,0.002670781221240759,11.648577690124512,0.03612518310546875
395,-0.5675615668296814,-0.1803736537694931,0.0026441069785505533,13.151385307312012,0.04010620340704918
612,0.13115322589874268,-0.2229459583759308,0.002736827125772834,11.316791534423828,0.007167720701545477
679,-1.3054256439208984,-0.22404611110687256,0.0026486327406018972,15.576133728027344,0.0036754608154296875
744,-1.6731665134429932,-0.2016586810350418,0.0021861086133867502,13.420572280883789,0.01155922468751669
939,0.19202446937561035,0.014382058754563332,0.002904395805671811,12.352103233337402,0.20750121772289276
943,1.216474175453186,-0.021079612895846367,0.0031343724112957716,10.349981307983398,0.12398224323987961
1174,0.4383072555065155,-0.2334902137517929,0.0029615769162774086,11.778409004211426,0.011666870675981045
1283,-0.018426241353154182,0.012402820400893688,0.0026651041116565466,11.179890632629395,0.2149837464094162
1324,1.8057111501693726,-0.23495788872241974,0.003266813699156046,9.115876197814941,-0.03958730772137642
1338,0.5388189554214478,0.49612030386924744,0.002947856206446886,11.090807914733887,0.7747891545295715
1350,-2.6928536891937256,0.11461558192968369,0.0019115509930998087,15.147915840148926,0.38690185546875
1421,0.63360595703125,0.1798311322927475,0.00277384533546865,10.21319580078125,0.305032342672348
1637,0.14118272066116333,-0.18413613736629486,0.0027625178918242455,11.445344924926758,0.04486742243170738
1650,-0.6072155833244324,-0.0771714597940445,0.002385475905612111,11.23007583618164,0.12445564568042755
1653,-0.34360289573669434,-0.1624882072210312,0.0026845259126275778,12.692008972167969,0.05093841627240181
1925,0.08565889298915863,-0.22829322516918182,0.0028050101827830076,11.811412811279297,0.0061668395064771175
1961,1.6173937320709229,0.6236806511878967,0.0033503330778330564,10.077926635742188,0.6304168701171875
1995,-0.3682025969028473,0.41241034865379333,0.002257638145238161,9.316904067993164,0.4386990964412689
2085,0.5077959895133972,0.1775350272655487,0.0029972416814416647,11.851115226745605,0.5217582583427429
2227,-1.63882315158844,-0.11470037698745728,0.0021498051937669516,13.254066467285156,0.12060623615980148
2241,-0.4632513225078583,-0.22561240196228027,0.002586879301816225,12.466830253601074,-0.009101486764848232
2380,-0.18076501786708832,0.019517239183187485,0.0027060480788350105,12.035394668579102,0.09585171192884445
2412,-0.7852634191513062,0.09620983898639679,0.00258363108150661,13.725404739379883,0.39848023653030396
2421,-0.12178351730108261,0.22002874314785004,0.00244434573687613,9.99914836883545,0.2564755380153656
2459,0.25865745544433594,-0.12781967222690582,0.0030576479621231556,12.929178237915039,0.11830215901136398
2549,0.48804768919944763,-0.30382266640663147,0.002862058114260435,11.002015113830566,-0.05999908596277237
2698,0.9673067331314087,0.06959448754787445,0.003175923367962241,11.543417930603027,0.2611846923828125
2710,1.581063151359558,0.4616635739803314,0.003227806882932782,9.932174682617188,0.6474899649620056
2773,-0.9305776953697205,-0.27601176500320435,0.002176878973841667,10.807506561279297,-0.0033401965629309416
2898,0.8924793601036072,0.16251294314861298,0.002928821835666895,9.901358604431152,0.20726318657398224
3074,-2.021313428878784,-0.0906376987695694,0.002246132818982005,15.078559875488281,0.11408653110265732
3083,0.6510736346244812,0.05616817995905876,0.0029826287645846605,11.043381690979004,0.2433653324842453
3124,-0.35528239607810974,0.12843096256256104,0.002784744603559375,13.397444725036621,0.2718559205532074
3145,0.7775396704673767,0.03438350558280945,0.003012980567291379,10.95267391204834,0.25421103835105896
3193,1.0801730155944824,0.05972398445010185,0.002913986099883914,9.05472469329834,0.29304200410842896
3585,-0.16439972817897797,0.10899672657251358,0.0024856594391167164,10.547581672668457,0.6100150942802429
3643,-0.3854163587093353,-0.11905413120985031,0.002455648500472307,10.915131568908691,0.10442075878381729
3661,0.5937656760215759,0.3422853946685791,0.003020125674083829,11.694486618041992,0.4866897761821747
3678,0.4378775656223297,0.024288253858685493,0.0029451751615852118,11.548174858093262,0.18914376199245453
3729,0.3114096224308014,0.16214418411254883,0.0027167422231286764,10.427264213562012,0.3094976544380188
3835,0.6277759671211243,-0.18553148210048676,0.0029360982589423656,10.812994003295898,0.07503509521484375
3887,-0.04720532149076462,-0.09064565598964691,0.0025227514561265707,10.42708969116211,0.0918373093008995
3966,-0.5197605490684509,0.4324580729007721,0.0023622976150363684,10.95583724975586,0.33756256103515625
4049,1.9437599182128906,0.301098108291626,0.0035032418090850115,10.323299407958984,0.3954299986362457
4353,-0.32089918851852417,-0.17870859801769257,0.0026184837333858013,12.019170761108398,0.03337135538458824
4364,0.41790705919265747,0.34172964096069336,0.0028070954140275717,10.829428672790527,0.3618331849575043
4410,-1.4738659858703613,-0.2290753573179245,0.0023522982373833656,14.139963150024414,-0.00119781494140625
4456,0.34912821650505066,0.694617509841919,0.0028388635255396366,11.288277626037598,0.8703201413154602
4585,0.33216068148612976,-0.06345444172620773,0.0027653404977172613,10.859097480773926,0.16306762397289276
5173,0.6619066596031189,0.47685328125953674,0.0028151224832981825,10.005393028259277,0.5154051184654236
5292,0.3115752041339874,-0.1628974974155426,0.0027332648169249296,10.572607040405273,0.07748184353113174
5321,-0.09304831922054291,-0.21618616580963135,0.002897107508033514,12.928749084472656,0.0069335936568677425
5360,1.021850824356079,1.5496013164520264,0.0028472943231463432,8.980713844299316,1.217016577720642
5646,0.8727301955223083,0.2270997315645218,0.0029097662772983313,9.964828491210938,0.29023781418800354
5687,0.3479694724082947,-0.1360238939523697,0.0028948173858225346,11.526041984558105,0.047456931322813034
5964,0.9723666310310364,0.20643870532512665,0.0030498539563268423,10.990489959716797,0.230621337890625
5973,0.7840632796287537,-0.14326606690883636,0.003040360752493143,11.924090385437012,0.05709419399499893
6056,0.7492452263832092,0.046979255974292755,0.0029173828661441803,10.629770278930664,0.20493392646312714
6281,0.7788147926330566,-0.026886040344834328,0.003046417608857155,11.53937816619873,0.14273987710475922
6415,0.42324143648147583,-0.08974257856607437,0.002860423643141985,11.038230895996094,0.11257972568273544
6644,-1.2260578870773315,-0.20758330821990967,0.0026646365877240896,15.566719055175781,0.009228515438735485
6709,1.797048568725586,0.11995752155780792,0.0034081570338457823,9.990006446838379,0.2531372010707855
6868,0.07375862449407578,-0.05827062204480171,0.002817330649122596,12.61353874206543,0.13533630967140198
6896,1.2245815992355347,-0.09338634461164474,0.003353516338393092,11.67368221282959,0.09969177097082138
7088,0.8177078366279602,0.10546143352985382,0.003165510017424822,11.963150024414062,0.19446639716625214
7090,0.3382020890712738,-0.19625036418437958,0.002683366183191538,10.199655532836914,0.08912795037031174
7183,0.13676230609416962,-0.14208927750587463,0.002830223413184285,12.006009101867676,0.04661865159869194
7404,0.2891654670238495,-0.25448769330978394,0.0029073224868625402,12.16550350189209,-0.01546401996165514
7546,0.958835244178772,0.08446232229471207,0.0031250182073563337,11.449090957641602,0.1971786469221115
7625,0.1291629523038864,-0.013211227022111416,0.0028204978443682194,11.691988945007324,0.21769718825817108
8019,-1.4428585767745972,0.0022803754545748234,0.0019568491261452436,11.014575958251953,0.18946532905101776
8020,0.21863463521003723,0.23505614697933197,0.002717045834288001,11.152658462524414,0.263845831155777
8152,-1.574452519416809,0.09710385650396347,0.0023503494448959827,14.38065242767334,0.22509460151195526
8278,-0.8948739171028137,-0.1186419352889061,0.002376702381297946,12.366491317749023,-0.0021644115913659334
8333,-0.1338682621717453,-0.0014664082555100322,0.0024378548841923475,10.00206470489502,0.14149188995361328
8365,-2.607747793197632,-0.22454796731472015,0.002041053958237171,15.844583511352539,0.0021018029656261206
8594,0.02960672788321972,0.11989281326532364,0.0026497296057641506,10.88325309753418,0.29322105646133423
8596,-0.9482772946357727,-0.22577038407325745,0.0024795576464384794,13.297825813293457,-0.0020785927772521973
8945,0.3586806654930115,-0.3601585030555725,0.0029511998873203993,11.776095390319824,-0.06481704860925674
9155,-3.0886857509613037,-0.2336532324552536,0.0019863476045429707,17.225561141967773,-0.0023561955895274878
9214,0.5951351523399353,0.3672640323638916,0.002753177424892783,10.275728225708008,0.4348793029785156
9434,-0.05316657945513725,0.16161470115184784,0.002718310570344329,11.763348579406738,0.4381652772426605
9459,0.04145505651831627,0.09184201806783676,0.002690203720703721,11.37667465209961,0.21363715827465057
9526,-0.2530457079410553,-0.21538197994232178,0.0028345114551484585,13.500126838684082,0.011204528622329235
9563,1.1920697689056396,-0.24942253530025482,0.0030584202613681555,9.857657432556152,-0.007755279541015625
9701,0.6065749526023865,-0.010459606535732746,0.002946344902738929,11.373743057250977,0.1691194623708725
9731,-0.578377366065979,0.3987414538860321,0.002444795100018382,11.964696884155273,0.4041580259799957
9826,-0.8413637280464172,-0.17535346746444702,0.00243750074878335,12.468047142028809,0.03491935878992081
9843,0.15836356580257416,-0.09560421109199524,0.0028129881247878075,11.70433521270752,0.09938736259937286
9867,0.3680773675441742,-0.15551213920116425,0.002884526737034321,11.49124813079834,0.03653392940759659
9937,-0.11013422161340714,-0.004679129924625158,0.002675850410014391,11.686324119567871,0.2550273835659027
10100,0.7928310036659241,-0.06221895292401314,0.003101375652477145,11.277518272399902,0.05462760850787163
10161,0.6632019877433777,-0.02973213791847229,0.0029348875395953655,10.805877685546875,0.12793579697608948
10473,-0.1320628821849823,-0.06220754608511925,0.0026694631669670343,11.514361381530762,0.08879318088293076
10513,-0.6049308180809021,-0.20938029885292053,0.002633440773934126,13.184623718261719,0.011696196161210537
10782,-1.0481888055801392,-0.40486493706703186,0.0023389256093651056,12.349562644958496,-0.111505888402462
10812,-0.11424612253904343,-0.08545386046171188,0.0026147987227886915,11.540485382080078,0.14526520669460297
11138,-1.23672616481781,-0.0823107659816742,0.0020537597592920065,11.004008293151855,0.12851448357105255
11252,0.4041430652141571,-0.04456508159637451,0.002941352780908346,11.829912185668945,0.1518402099609375
11355,0.09751909226179123,0.15204457938671112,0.0026605799794197083,10.966435432434082,0.18253783881664276
11416,0.6043651700019836,-0.152486190199852,0.0029520581010729074,10.910484313964844,0.052669525146484375
11447,-0.6411413550376892,-0.1055554524064064,0.002593954326584935,13.011415481567383,0.10407409816980362
11506,1.0966627597808838,-0.001292525208555162,0.0032101937104016542,11.329652786254883,0.10150375217199326
11510,-1.3557312488555908,-0.08861186355352402,0.002336139790713787,13.690295219421387,0.1252356618642807
11629,-1.4753385782241821,-0.1339331418275833,0.0021943796891719103,13.27580451965332,0.10945167392492294
11659,-0.9138656854629517,-0.08629768341779709,0.0024067868944257498,12.461592674255371,0.09766693413257599
11771,0.3603580594062805,-0.16134734451770782,0.0028907679952681065,11.497347831726074,0.04291906580328941
11792,1.1479538679122925,0.8887683749198914,0.0031810675282031298,10.890218734741211,0.8231577277183533
11794,0.28067848086357117,0.05417877435684204,0.002652266761288047,10.260302543640137,0.1526821106672287
11979,-0.2618057429790497,-0.17652809619903564,0.0027661642525345087,12.885531425476074,0.03543853759765625
12034,0.5266757607460022,-0.07709266990423203,0.002842538058757782,10.624493598937988,0.08726539462804794
12076,-0.6785203814506531,-0.15264670550823212,0.0024178416933864355,11.635706901550293,0.07340927422046661
12097,-1.7663415670394897,0.3314548432826996,0.002081935992464423,13.36851692199707,0.408120721578598
12156,-1.3190721273422241,-0.21794365346431732,0.002476833062246442,14.420905113220215,0.009073257446289062
12237,-0.34161993861198425,-0.053061116486787796,0.0026799726765602827,12.478707313537598,0.13577575981616974
12517,0.5093294978141785,0.2712714374065399,0.002792288549244404,10.19956111907959,0.38709184527397156
12671,-1.4861918687820435,-0.24266402423381805,0.002201734809204936,13.06755256652832,-0.0022941590286791325
12955,-1.584897518157959,-0.14187441766262054,0.0021512180101126432,12.881009101867676,0.05191688612103462
13146,0.6043652892112732,0.9456735849380493,0.0028397070709615946,10.517721176147461,1.1497491598129272
13193,-0.07126656919717789,-0.21237508952617645,0.0026186886243522167,11.081510543823242,0.03603973612189293
13302,1.6857656240463257,0.03797203302383423,0.0035006292164325714,11.431017875671387,0.16765747964382172
13331,-0.5211867094039917,-0.1230367049574852,0.002554676029831171,12.443340301513672,0.05999183654785156
13486,1.6029328107833862,-0.08972197771072388,0.0031566384714096785,9.302538871765137,0.1476295441389084
13579,1.6232002973556519,0.05318174511194229,0.0032716442365199327,9.881654739379883,0.2720497250556946
13581,-0.33173248171806335,-0.2572349011898041,0.002642643405124545,12.106622695922852,0.0007367134094238281
13706,2.0190792083740234,0.0720510259270668,0.0034118175972253084,9.626004219055176,0.3742935359477997
13735,-0.11321238428354263,-0.17029212415218353,0.0025903715286403894,10.885050773620605,0.031115150079131126
13911,0.3722316324710846,-0.0049593159928917885,0.002876132493838668,11.616320610046387,0.20345154404640198
13987,-2.6632611751556396,-0.2178739756345749,0.0019835212733596563,15.59600830078125,0.008657264523208141
14054,-0.0489121675491333,0.022374680265784264,0.0028083790093660355,12.216666221618652,0.14000244438648224
14199,1.7467344999313354,0.24830566346645355,0.0032564287539571524,9.22265911102295,0.5006759762763977
14443,0.049014072865247726,-0.24223244190216064,0.002644316526129842,11.0112943649292,-0.003892326494678855
14550,-1.7351709604263306,-0.08444814383983612,0.002098137978464365,13.244908332824707,0.09219818562269211
15002,-0.30368658900260925,0.054891109466552734,0.0026282405015081167,12.160726547241211,0.14809034764766693
15012,-0.5891183614730835,0.1429944485425949,0.0023557893000543118,10.953923225402832,0.2141319364309311
15107,-0.53994220495224,-0.03085186518728733,0.0024530545342713594,11.549654960632324,0.1650489866733551
15203,-0.18359266221523285,0.17898429930210114,0.00269251293502748,11.81692123413086,0.20551367104053497
15292,-0.8722380995750427,-0.2296554148197174,0.002439493779093027,12.909570693969727,-0.0008489608881063759
15293,-0.4374079704284668,-0.1519685536623001,0.002693579299375415,12.931109428405762,0.05167360231280327
15311,0.9143778681755066,-0.0691526010632515,0.0032208578195422888,12.363219261169434,0.07828064262866974
15394,-1.4236303567886353,-0.2642192840576172,0.0024504447355866432,14.3999605178833,-0.029578018933534622
15558,0.3007524609565735,-0.18282835185527802,0.0029653599485754967,12.179571151733398,0.033304404467344284
15625,0.17815613746643066,-0.03060789220035076,0.002724641701206565,10.715660095214844,0.10976333916187286
15902,-0.5039677023887634,-0.1901160478591919,0.002569574862718582,12.284690856933594,0.029460811987519264
15937,-0.5594872832298279,-0.11471628397703171,0.002537407912313938,12.358759880065918,0.07328949123620987
15949,0.25090527534484863,-0.1771334558725357,0.002816937630996108,11.396682739257812,0.05209198221564293
15954,-0.14982621371746063,0.013106306083500385,0.002754127373918891,12.406046867370605,0.10772705078125
16011,-1.915091872215271,-0.2103532999753952,0.002297318773344159,15.379576683044434,0.011187744326889515
16061,0.3761158585548401,-0.22210852801799774,0.002880927873775363,11.861043930053711,0.01976928673684597
16113,-0.26458024978637695,-0.30297785997390747,0.002935421885922551,14.070968627929688,-0.06677704304456711
16147,0.13247862458229065,-0.1341496706008911,0.002767518861219287,11.419745445251465,0.07455587387084961
16490,-1.1311229467391968,-0.23089663684368134,0.0024872771464288235,13.743112564086914,-0.004386520478874445
16734,1.0273104906082153,-0.15649622678756714,0.0030278393533080816,10.243489265441895,0.0613250732421875
16773,0.8235350847244263,0.23058806359767914,0.002814242150634527,9.56488037109375,0.4915977418422699
16836,1.212801218032837,-0.15859949588775635,0.0031520456541329622,11.0420560836792,0.06219916418194771
16881,-0.018849028274416924,-0.08984894305467606,0.0029156922828406096,12.699322700500488,0.14246177673339844
16998,0.6089790463447571,0.15637989342212677,0.0028846629429608583,10.922749519348145,0.3918564021587372
17001,0.13640831410884857,0.38233986496925354,0.0029213333036750555,12.585616111755371,0.5823025107383728
17196,-0.8910993933677673,-0.16356034576892853,0.002542004454880953,13.211865425109863,0.03452606126666069
17288,0.309090793132782,0.004041798412799835,0.0027946187183260918,11.117032051086426,0.20945893228054047
17431,0.19968266785144806,0.11512883007526398,0.0027173131238669157,11.141131401062012,0.3388412594795227
17546,-3.1652684211730957,-0.22694571316242218,0.0021372425835579634,18.678125381469727,5.4931642807787284e-05
17628,-0.8422223925590515,-0.13994280993938446,0.002505543874576688,13.377494812011719,0.06484680622816086
17687,0.015205341391265392,0.06072523817420006,0.0027515755500644445,11.735933303833008,0.26593706011772156
17795,-0.019109627231955528,-0.38851243257522583,0.0027175103314220905,11.205902099609375,-0.04888801649212837
17820,0.7107165455818176,-0.16849260032176971,0.003047452075406909,11.776119232177734,0.041593171656131744
17862,-1.7766112089157104,-0.1588616669178009,0.002461441094055772,15.79117488861084,0.0604095458984375
17895,0.27447041869163513,0.03289162367582321,0.002742958487942815,11.033629417419434,0.2637390196323395
18006,0.14414140582084656,-0.4310917556285858,0.002657955512404442,10.411779403686523,-0.09230785816907883
18092,2.281672477722168,0.5598373413085938,0.00349404220469296,9.305055618286133,0.6488708853721619
18156,-0.41146865487098694,-0.0951736643910408,0.0026152371428906918,12.351641654968262,0.05464477464556694
18216,0.17893272638320923,-0.0684409961104393,0.002775211352854967,11.291780471801758,0.12432823330163956
18286,1.056030511856079,0.23340487480163574,0.0031969055999070406,11.635704040527344,0.3969368040561676
18509,-0.06461411714553833,0.3138180375099182,0.0026251610834151506,11.3202543258667,0.3361457884311676
18562,-1.38844895362854,-0.21844887733459473,0.0024203998036682606,14.4341402053833,0.005822134204208851
19050,0.6608180403709412,-0.09645795822143555,0.0030200527980923653,11.405387878417969,0.1120578795671463
19215,-1.1647775173187256,-0.13447655737400055,0.002442806027829647,13.671435356140137,0.05461425706744194
19323,-0.6901749968528748,-0.17326262593269348,0.0024548457004129887,12.09648609161377,0.04043464735150337
19433,0.11928009986877441,0.3872687518596649,0.002714590635150671,11.159320831298828,0.32069703936576843
19469,1.6147348880767822,0.061273522675037384,0.0034301497507840395,11.224200248718262,0.24044112861156464
19480,-0.6037120223045349,0.09430321305990219,0.0024620189797133207,11.578352928161621,0.1481681913137436
19566,-1.2658313512802124,-0.13898813724517822,0.002208525314927101,12.456028938293457,0.06354832649230957
19635,-0.694869339466095,-0.0907849669456482,0.0024764910340309143,11.905315399169922,0.07046204060316086
19779,0.17481867969036102,-0.059312719851732254,0.0028920387849211693,12.142202377319336,0.17584991455078125
19840,0.47326764464378357,0.011212396435439587,0.002756176982074976,10.420411109924316,0.09121733158826828
19869,-1.8385413885116577,-0.2168157398700714,0.0022936612367630005,15.144465446472168,0.006202959921211004
19936,-1.0254019498825073,-0.2413683384656906,0.0024834885261952877,13.817534446716309,-0.0020843506790697575
20023,-1.2897658348083496,-0.18418535590171814,0.0021182976197451353,11.53467082977295,0.01353302039206028
20048,-1.1202231645584106,0.18255911767482758,0.0022924693766981363,12.467040061950684,0.16069336235523224
20189,-0.27303045988082886,-0.17774352431297302,0.002751345047727227,12.712468147277832,0.04770927503705025
20266,-0.6928960084915161,-0.08331285417079926,0.002639933256432414,13.710776329040527,0.13305054605007172
20380,-1.029363989830017,-0.20416739583015442,0.0025097616016864777,13.491340637207031,0.01893921010196209
20572,-1.3699744939804077,-0.03198518976569176,0.0024115913547575474,14.117657661437988,0.14024047553539276
20654,0.9392942786216736,-0.6546711921691895,0.003138440428301692,11.413543701171875,-0.22057190537452698
20655,-0.04875992611050606,-0.21765188872814178,0.0028353671077638865,12.55616283416748,-0.0034111023414880037
20741,-1.4992871284484863,-0.2331574708223343,0.002196483314037323,13.281277656555176,-0.008465575985610485
20805,-0.8621061444282532,0.18636909127235413,0.002268725773319602,11.431075096130371,0.1810653656721115
20834,0.14681677520275116,0.15560133755207062,0.00283485883846879,12.335801124572754,0.489471435546875
21045,1.6370757818222046,0.32173293828964233,0.0032935054041445255,9.939326286315918,0.2677719295024872
21086,-1.6609535217285156,-0.049380894750356674,0.002256623934954405,14.145651817321777,0.22955627739429474
21176,-1.2796623706817627,-0.2152452915906906,0.002368401503190398,13.488250732421875,0.01545562781393528
21232,-1.254754662513733,-0.02708328329026699,0.001984980655834079,10.653120040893555,0.19633884727954865
21334,-0.4074321687221527,0.2630534768104553,0.002845526672899723,13.835726737976074,0.44335633516311646
21358,0.3698483109474182,-0.12858811020851135,0.002904838416725397,11.918129920959473,0.07774505764245987
21505,0.0508747398853302,-0.08194726705551147,0.0028585949912667274,12.880139350891113,0.131591796875
21541,1.0338002443313599,0.4248808026313782,0.00299549987539649,9.950023651123047,0.46938323974609375
21545,-0.4287181794643402,-0.16852132976055145,0.0026668596547096968,12.649675369262695,0.0654287338256836
21791,-0.33816659450531006,-0.03951378911733627,0.0024920476134866476,11.540305137634277,0.12814025580883026
21860,1.2446696758270264,0.19834572076797485,0.003091758582741022,9.879218101501465,0.2664756774902344
21904,-0.6761782169342041,-0.05694270133972168,0.0026093684136867523,13.290257453918457,0.13335953652858734
21908,1.243247151374817,0.17290973663330078,0.0031667128205299377,10.366145133972168,0.21079102158546448
22038,-1.5406726598739624,-0.11773433536291122,0.0020701056346297264,12.331351280212402,0.089813232421875
22079,-0.9693133234977722,-0.20354986190795898,0.0025602022651582956,13.88647174835205,0.018094634637236595
22088,0.7644137740135193,0.09344011545181274,0.0030507564079016447,11.590712547302246,0.3810228407382965
22147,-1.4264525175094604,-0.17817716300487518,0.0021541842725127935,12.477300643920898,0.03895378112792969
22283,-1.4584293365478516,-0.19192872941493988,0.002396347699686885,14.42077350616455,0.027901841327548027
22502,-0.9543676376342773,0.026697415858507156,0.002468773862347007,13.12901782989502,0.1321006864309311
22521,1.7910289764404297,0.6610217094421387,0.0034387351479381323,10.55451488494873,0.7589115500450134
22606,0.05762545019388199,0.23077607154846191,0.0026701136957854033,11.201103210449219,0.4985707402229309
22646,0.8931291699409485,0.38548165559768677,0.0033095832914114,12.611498832702637,0.313467413187027
22702,-0.22719447314739227,-0.2772357761859894,0.002842974616214633,13.240918159484863,-0.03506927564740181
22961,-0.7057101726531982,-0.154275044798851,0.0026996408123522997,14.013266563415527,0.07831268757581711
23083,-0.3230043947696686,0.3643493354320526,0.002624846762046218,12.097620010375977,0.4549240171909332
23120,1.4847877025604248,-0.1965171843767166,0.003235829994082451,9.974204063415527,0.02255554310977459
23166,-1.0297969579696655,-0.06472065299749374,0.002487040124833584,13.46311092376709,0.05093994364142418
23178,0.9967221617698669,0.23490600287914276,0.003045568009838462,10.141688346862793,0.6142609715461731
23421,1.0041853189468384,0.9385063052177429,0.0029473770409822464,9.925119400024414,1.1127442121505737
23456,0.9155320525169373,-0.03645874187350273,0.002958141965791583,9.694087028503418,0.08552398532629013
23619,1.2377573251724243,-0.0082643898203969,0.0031473624985665083,10.105722427368164,0.08159132301807404
23796,-0.3368222415447235,-0.04371047019958496,0.00262557459063828,11.894244194030762,0.17254142463207245
23842,-1.1308878660202026,0.09517203271389008,0.002413740148767829,13.3964262008667,0.22712402045726776
23952,0.4888446033000946,-0.1191699430346489,0.0032052595634013414,13.590704917907715,0.07773590087890625
24207,0.5871162414550781,-0.08021389693021774,0.002708971733227372,9.416999816894531,0.14518193900585175
24264,-1.0226768255233765,0.012403465807437897,0.002315715653821826,12.433380126953125,0.17515145242214203
24273,-0.27161794900894165,-0.018337441608309746,0.002486458048224449,10.850621223449707,0.16050033271312714
24414,0.1322680413722992,-0.3857426643371582,0.002976291347295046,13.109796524047852,-0.07917938381433487
24428,0.7857887148857117,-0.06787645071744919,0.00313626229763031,11.825972557067871,0.10900115966796875
24478,-0.2370956689119339,-0.19631733000278473,0.0027888037730008364,13.138254165649414,0.01724548451602459
24486,-0.6787652373313904,-0.19470934569835663,0.002525459975004196,12.515110969543457,0.024421053007245064
24568,1.2079423666000366,0.20278571546077728,0.003180465428158641,10.641693115234375,0.27505794167518616
24656,0.9195890426635742,0.0695505291223526,0.003072933992370963,11.028639793395996,0.34228822588920593
24856,1.03658127784729,0.20576179027557373,0.0029287978541105986,9.50212574005127,0.4255538880825043
24976,-0.6377632021903992,-0.14812378585338593,0.002485350938513875,11.997859001159668,0.030544091016054153
25000,0.886507511138916,-0.01723109930753708,0.0030695225577801466,11.32599925994873,0.16247253119945526
25034,-0.8031070828437805,-0.013374531641602516,0.0025214599445462227,13.126535415649414,0.1031341552734375
25179,0.005476623773574829,-0.14049102365970612,0.002752344822511077,11.851787567138672,0.08304443210363388
25224,-0.8167096376419067,0.21359646320343018,0.0025535214226692915,13.372349739074707,0.41102296113967896
25253,0.7919947504997253,-0.028827859088778496,0.0029995909426361322,10.911345481872559,0.21070599555969238
25259,0.5360367298126221,-0.5021031498908997,0.003084533615037799,12.247001647949219,-0.2746841609477997
25328,1.0952515602111816,0.12454058229923248,0.003107505152001977,10.87699031829834,0.30073243379592896
25385,0.6078035235404968,0.40749049186706543,0.002830412471666932,10.412652969360352,0.5607971549034119
25552,-1.774577021598816,-0.11714394390583038,0.0022861089091748,14.688969612121582,0.039411164820194244
25763,0.4732021391391754,-0.18751117587089539,0.002905019326135516,11.519343376159668,0.039209749549627304
26005,-0.5497302412986755,0.17235788702964783,0.0025607014540582895,12.47961711883545,0.2634628415107727
26014,-0.2938861846923828,-0.021856915205717087,0.0027409398462623358,12.690402030944824,0.19318771362304688
26033,0.3201950490474701,-0.24730180203914642,0.0028124735690653324,11.30820369720459,0.0005294799921102822
26142,-0.42210736870765686,0.30745911598205566,0.0025745450984686613,11.867735862731934,0.4480556547641754
26514,-1.1265923976898193,-0.20958256721496582,0.002591871190816164,14.729870796203613,0.01385345496237278
26526,-1.4427140951156616,-0.22533360123634338,0.002372932154685259,14.155781745910645,0.0023643493186682463
26531,1.1012123823165894,-0.30872783064842224,0.0031219199299812317,10.891196250915527,-0.03613243252038956
26588,0.1856427937746048,0.039818666875362396,0.002838252345100045,11.954192161560059,0.2104637175798416
26602,1.567491888999939,-0.2599409222602844,0.003383157541975379,10.717131614685059,-0.14050903916358948
26708,-0.1866549849510193,-0.21440784633159637,0.003013558918610215,14.910029411315918,0.01251831091940403
26818,1.3463867902755737,0.4337437152862549,0.0031425287015736103,9.739836692810059,0.5105919241905212
26885,0.2002527266740799,-0.19087688624858856,0.002756880596280098,11.003586769104004,0.031758882105350494
26930,-1.1213535070419312,-0.2108030617237091,0.002139626769348979,11.181720733642578,0.005837631411850452
26986,-0.213727667927742,-0.1622316688299179,0.0028395915869623423,13.302497863769531,0.05093374475836754
26990,-1.6514071226119995,-0.1922551542520523,0.0019909637048840523,12.22941780090332,0.02447357214987278
27153,-0.521455705165863,0.6278026103973389,0.0027897541876882315,14.193633079528809,0.43333742022514343
27189,0.05899342522025108,0.1336899697780609,0.002801330992951989,11.909317016601562,0.2133208066225052
27270,1.122699499130249,-0.04159985110163689,0.0031466062646359205,10.7183256149292,0.09263306111097336
27281,1.2038452625274658,-0.02848261035978794,0.0031536289025098085,10.59815788269043,0.1502058058977127
27337,0.1574099212884903,-0.1213388666510582,0.0026023073587566614,10.040565490722656,0.03601489216089249
27354,-0.6171018481254578,-0.11682053655385971,0.002609512535855174,13.328689575195312,0.10517273098230362
27363,-0.1871442347764969,-0.2350091189146042,0.0026686079800128937,11.872611045837402,-0.007964706979691982
27383,-0.2200104296207428,0.1808522492647171,0.00267792702652514,12.206521987915039,0.34360823035240173
27442,1.3678125143051147,0.7046101093292236,0.003036339534446597,9.3787841796875,0.6327266693115234
27542,-0.600827693939209,-0.10731058567762375,0.0026122916024178267,13.006953239440918,0.06192321702837944
27605,-0.5643317103385925,-0.17849627137184143,0.0026478548534214497,13.0427885055542,0.022125674411654472
27705,-0.5954594612121582,-0.12483812868595123,0.0025308968033641577,12.661575317382812,0.08628540486097336
27787,-0.3254297077655792,0.0717482641339302,0.0027327670250087976,12.997215270996094,0.17988739907741547
27931,0.8712627291679382,0.02800082601606846,0.0028968655969947577,9.684056282043457,0.28272706270217896
28034,1.0291093587875366,0.09889211505651474,0.002955225994810462,9.603074073791504,0.30560341477394104
28220,0.2087991088628769,-0.17002759873867035,0.002834003884345293,11.876479148864746,0.050060272216796875
28248,-0.2482980489730835,-0.15036465227603912,0.002670785179361701,12.214075088500977,0.02706155739724636
28410,-0.04484964534640312,0.05126119777560234,0.0025978311896324158,11.323094367980957,0.1773429960012436
28473,-0.18264508247375488,-0.01594593934714794,0.0027492244262248278,12.218757629394531,0.18111419677734375
28639,0.7963066101074219,-0.10285472124814987,0.0030258249025791883,10.863077163696289,0.1546253263950348
28728,-1.0038506984710693,-0.19984197616577148,0.002363900188356638,12.610647201538086,0.010894489474594593
28743,-2.1074626445770264,-0.19801075756549835,0.0021828729659318924,15.215558052062988,0.02637786976993084
28899,0.9133353233337402,0.1947896033525467,0.0031837851274758577,11.953997611999512,0.32584962248802185
28954,0.652216374874115,0.24872413277626038,0.002871651668101549,10.616360664367676,0.33256837725639343
28978,0.27609679102897644,-0.15032194554805756,0.0029434089083224535,12.210612297058105,0.06009559705853462
28981,-0.7406079769134521,-0.1835206001996994,0.002825686475262046,15.1317138671875,0.03496399149298668
29114,-0.17574070394039154,-0.18489043414592743,0.0027414902579039335,12.296782493591309,0.029051972553133965
29323,-0.6554080843925476,-0.02267296239733696,0.0024260315112769604,11.824634552001953,0.16089630126953125
29341,-0.21864290535449982,-0.15938036143779755,0.002648269524797797,12.044743537902832,0.02788086049258709
29385,0.23137402534484863,-0.1933002918958664,0.0028321894351392984,11.728850364685059,0.034995269030332565
29505,0.8694968223571777,0.8529403805732727,0.002933771815150976,10.096670150756836,0.764416515827179
29509,0.31679075956344604,0.18193356692790985,0.0025769982021301985,9.394408226013184,0.2878273129463196
29583,0.7959536910057068,0.08430972695350647,0.0028573644813150167,9.982687950134277,0.23616600036621094
29832,0.41274166107177734,-0.12591083347797394,0.0028231956530362368,10.890809059143066,0.08387603610754013
29907,0.5049154758453369,0.020636215806007385,0.0030542148742824793,12.172741889953613,0.22438660264015198
30279,-0.3663084805011749,-0.0619121752679348,0.0027744697872549295,12.916177749633789,0.10187988728284836
30441,-0.4145449697971344,-0.3660188317298889,0.0026601962745189667,12.852330207824707,-0.05543212965130806
30461,1.2027087211608887,0.13541455566883087,0.003072163788601756,9.817900657653809,0.290985107421875
30690,0.659594714641571,-0.07283485680818558,0.00299180974252522,11.339872360229492,0.10804138332605362
30741,0.7398620247840881,0.1302986890077591,0.0029964239802211523,10.823007583618164,0.39290618896484375
30876,-0.6178033947944641,-0.26981762051582336,0.002540683839470148,12.501935005187988,-0.015689468011260033
30884,0.6271787881851196,-0.10496850311756134,0.0029958069790154696,11.811873435974121,0.05512848123908043
30893,-0.037642572075128555,-0.0594756118953228,0.00276193767786026,12.35241413116455,0.14452628791332245
31107,2.5512795448303223,0.05460507422685623,0.003749191528186202,10.50577449798584,0.22472839057445526
31198,-0.7978314757347107,-0.13021162152290344,0.00232701119966805,11.662753105163574,0.08595085144042969
31240,0.7043189406394958,0.24673059582710266,0.0028777739498764277,10.024367332458496,0.36970216035842896
31304,-0.46708616614341736,-0.11235588788986206,0.0025166061241179705,11.932795524597168,0.10524091869592667
31400,-0.25732138752937317,-0.1205999031662941,0.0026964948046952486,12.176025390625,0.07020454853773117
31416,1.0936262607574463,0.017823105677962303,0.003070599166676402,10.231627464294434,0.15399722754955292
31431,-2.165328025817871,-0.22268417477607727,0.002223373157903552,15.612297058105469,0.0034362792503088713
31510,0.5928387641906738,0.01066657155752182,0.0029189896304160357,10.453837394714355,0.19014739990234375
31526,0.6198171377182007,-0.16554410755634308,0.0030087416525930166,11.47000789642334,0.04169311746954918
31660,-1.3993899822235107,-0.20396874845027924,0.0022680158726871014,13.080939292907715,0.0158520694822073
32158,-0.10627014935016632,0.4759434759616852,0.0025648970622569323,10.806769371032715,0.28158092498779297
32242,-0.21036605536937714,0.1897735595703125,0.0025697050150483847,11.209492683410645,0.3320572078227997
32428,0.9179259538650513,-0.05342646315693855,0.003098999382928014,11.063896179199219,0.1442287415266037
32480,-1.7543843984603882,-0.025195209309458733,0.002474031178280711,16.227270126342773,0.09622802585363388
32575,0.870905339717865,-0.002628754125908017,0.002830799901857972,9.104904174804688,0.16658249497413635
32619,-0.7673735022544861,-0.06632525473833084,0.0024093342944979668,12.012423515319824,0.14490532875061035
32967,0.3606921136379242,-0.028388891369104385,0.002785972785204649,10.801217079162598,0.1319141387939453
33022,-0.05463632941246033,0.1449965238571167,0.002662276616320014,11.253268241882324,0.2491115778684616
33035,0.7787224650382996,0.2267761528491974,0.003028341569006443,11.1279935836792,0.30086061358451843
33038,1.115200161933899,-0.030957436189055443,0.0031643856782466173,10.55630874633789,0.165577694773674
33092,1.0589057207107544,-0.06322899460792542,0.003025579499080777,10.271772384643555,0.11885595321655273
33347,0.5274689793586731,-0.10967966169118881,0.0030204865615814924,11.837621688842773,0.10162963718175888
33381,0.9672865867614746,0.46322163939476013,0.0029674938414245844,9.568448066711426,0.3941930830478668
33403,0.32049065828323364,-0.12910054624080658,0.002842807210981846,11.2184419631958,0.09488373249769211
33699,-0.3330332934856415,-0.025626549497246742,0.0026547841262072325,12.223394393920898,0.17383460700511932
33715,-0.4741409420967102,-0.15738564729690552,0.002692511072382331,13.053590774536133,0.05890655517578125
33795,0.07391189783811569,-0.2181367427110672,0.002800494199618697,11.902203559875488,0.0084991455078125
33800,0.699773907661438,-0.1690645068883896,0.002832199912518263,9.913268089294434,0.067285917699337
33946,0.34917184710502625,-0.09038999676704407,0.0028122325893491507,10.950942993164062,0.083715058863163
33956,0.5342664122581482,0.08561395853757858,0.002863541478291154,10.63992977142334,0.1782558411359787
34113,0.5665103793144226,0.14724218845367432,0.0029356100130826235,11.077515602111816,0.3195396363735199
34136,0.7952085733413696,0.3830224573612213,0.0029238644056022167,10.158123970031738,0.698590099811554
34283,-1.036607265472412,-0.0875413790345192,0.00238525471650064,12.817952156066895,0.10080718994140625
34483,-0.19631075859069824,-0.05054570361971855,0.002713846741244197,12.438788414001465,0.12100525200366974
34525,-1.22737717628479,-0.04296811297535896,0.002114283386617899,11.39305305480957,0.1417827606201172
34556,0.7409133315086365,0.12907783687114716,0.0030269392300397158,10.827170372009277,0.22090835869312286
34638,0.4616665840148926,0.12699036300182343,0.0028749217744916677,11.138819694519043,0.1489635556936264
34671,0.9271439909934998,-0.17621491849422455,0.003038233844563365,11.318870544433594,0.140919491648674
34749,-1.293821930885315,-0.21184669435024261,0.0023531096521764994,13.69774341583252,0.005862426944077015
35315,1.4655697345733643,0.3272887170314789,0.003314453875645995,10.990806579589844,0.563220202922821
35335,0.8024669885635376,0.023535024374723434,0.002892841352149844,10.343070030212402,0.21041373908519745
35382,-1.2121782302856445,-0.043483246117830276,0.0024027987383306026,13.511153221130371,0.15910033881664276
35435,0.9127048850059509,-0.13364768028259277,0.002986770123243332,10.829185485839844,0.0929664596915245
35441,1.164286494255066,-0.03973040729761124,0.003220846876502037,11.034460067749023,0.14690856635570526
35799,-0.2387809306383133,-0.07396697252988815,0.00251380424015224,11.012968063354492,0.12005920708179474
35822,1.798508882522583,0.4091377258300781,0.0033380065578967333,9.86552906036377,0.43630751967430115
35835,-1.0812554359436035,0.7739198803901672,0.0023765868972986937,13.327898025512695,0.7787796258926392
35854,0.0999583974480629,0.21491487324237823,0.0024637344758957624,9.488391876220703,0.2283165007829666
35919,-0.004484903998672962,-0.06664980202913284,0.0029398752376437187,13.036755561828613,0.12288513034582138
36021,-0.5779293179512024,-0.0356057770550251,0.002652382245287299,13.26843547821045,0.15757142007350922
36102,-0.21779432892799377,0.04464798793196678,0.0026681488379836082,12.09081745147705,0.2571472227573395
36403,0.39003512263298035,0.29656216502189636,0.002644971711561084,9.352993965148926,0.4015029966831207
36463,0.9931724667549133,0.01730920374393463,0.0031315532978624105,10.945450782775879,0.20618592202663422
36556,2.5749077796936035,0.49651679396629333,0.003767003072425723,10.076976776123047,0.42170411348342896
36589,-1.392747163772583,-0.3339289128780365,0.0023189650382846594,13.627847671508789,-0.08424530178308487
36618,-0.4685463011264801,-0.18083684146404266,0.002670208690688014,12.937878608703613,0.029864883050322533
36930,0.6866250038146973,0.053181201219558716,0.0029801579657942057,11.281413078308105,0.221405029296875
36936,0.34808284044265747,-0.11039292067289352,0.0027426143642514944,10.508056640625,0.08018379658460617
37007,0.5896350741386414,-0.10541883856058121,0.002918345620855689,10.987780570983887,0.1026584655046463
37028,0.030838895589113235,0.12071119993925095,0.0025691676419228315,10.437800407409668,0.237843319773674
37171,-0.605411946773529,-0.2458590269088745,0.002548690652474761,12.516796112060547,-0.021301651373505592
37474,1.1608468294143677,-0.1113830953836441,0.00309510575607419,10.495577812194824,0.07837524265050888
37532,0.2757180631160736,-0.003464305540546775,0.0025843351613730192,9.246892929077148,0.09443321079015732
37630,-1.954763412475586,-0.1716843694448471,0.0019140871008858085,12.712343215942383,0.05187225341796875
37641,-0.23613739013671875,0.012945401482284069,0.002621823688969016,11.784306526184082,0.15607909858226776
37660,0.4736843705177307,0.6152867078781128,0.002651843475177884,9.494979858398438,0.6976652145385742
37718,-1.0158215761184692,-0.07116683572530746,0.002392307622358203,13.016380310058594,0.156117245554924
37825,0.719376266002655,-0.3096781373023987,0.002992216031998396,11.153794288635254,-0.024176789447665215
37852,-0.09974320977926254,0.3699982166290283,0.002634432166814804,11.420939445495605,0.7559127807617188
37887,0.5368680953979492,-0.0843537449836731,0.0029506750870496035,11.408164024353027,0.1162620559334755
37956,0.43376752734184265,0.0633455216884613,0.002694870578125119,9.793821334838867,0.2860862910747528
37965,0.8892510533332825,0.10860575735569,0.0028520047198981047,9.450349807739258,0.24066467583179474
38233,-0.38913828134536743,-0.11534567177295685,0.0025720829144120216,12.038718223571777,0.081939697265625
38292,-0.12462259829044342,-0.27763208746910095,0.0026810013223439455,11.812983512878418,-0.05876421928405762
38657,-1.7673133611679077,-0.20124004781246185,0.0021091988310217857,13.296652793884277,0.01761169545352459
38683,-1.8151863813400269,-0.19518183171749115,0.0023047327995300293,15.099184036254883,0.013603175058960915
38723,0.40735721588134766,0.30579087138175964,0.0028407087083905935,11.102157592773438,0.23374786972999573
39033,-1.6856298446655273,-0.10100443661212921,0.002136621391400695,13.409425735473633,0.09419216960668564
39102,-0.5582676529884338,-0.08056316524744034,0.0024665948003530502,11.609888076782227,0.12004967033863068
39200,1.1619499921798706,0.596042275428772,0.003008507890626788,9.630050659179688,0.631412923336029
39347,0.45546755194664,-0.09825251251459122,0.002893664175644517,11.031465530395508,0.09210062026977539
39517,2.0872206687927246,0.16507461667060852,0.0035676253028213978,10.12385082244873,0.42515259981155396
39650,1.078657865524292,0.9938367009162903,0.0028611335437744856,8.922226905822754,0.7868780493736267
40064,-0.6544886231422424,0.04211580753326416,0.0023910319432616234,11.970755577087402,0.1987161636352539
40211,-1.6658556461334229,-0.1781841367483139,0.0022722946014255285,14.295931816101074,0.029141617938876152
40228,-0.16389814019203186,-0.0827493742108345,0.002928165951743722,13.85389232635498,0.09427490085363388
40237,-0.7319077849388123,0.0196002759039402,0.0025837477296590805,13.223355293273926,0.12866516411304474
40302,0.840985119342804,0.20758996903896332,0.0030229229014366865,11.106907844543457,0.2625976502895355
40314,2.220201253890991,0.26605141162872314,0.0036393788177520037,10.304368019104004,0.3718101680278778
40708,-0.8293519020080566,-0.21528160572052002,0.0025141143705695868,13.231622695922852,0.030414951965212822
40840,0.5650472044944763,-0.14798082411289215,0.0030051725916564465,11.903525352478027,0.059465982019901276
40850,0.9015973210334778,0.06774264574050903,0.0029582995921373367,10.303620338439941,0.2244531661272049
40983,0.09517710655927658,0.13660821318626404,0.002852414269000292,12.239861488342285,0.21856689453125
41049,1.3974274396896362,0.6367549896240234,0.0031552936416119337,10.297149658203125,0.4373024106025696
41083,-2.369013547897339,-0.22808794677257538,0.0021916718687862158,16.120141983032227,-0.005223083775490522
41126,0.9612636566162109,0.32217010855674744,0.0028807977214455605,9.364027976989746,0.40789929032325745
41128,1.0817168951034546,-0.14386536180973053,0.0030544628389179707,10.339900016784668,0.07236023247241974
41139,-0.190010666847229,0.09026198089122772,0.002711073961108923,12.214153289794922,0.2945869565010071
41446,0.2511238157749176,-0.12258823215961456,0.0028158240020275116,11.428383827209473,0.08501815795898438
41470,0.28864502906799316,-0.07890667021274567,0.002759355353191495,10.540547370910645,0.12596817314624786
41498,-0.5122889876365662,-0.18478749692440033,0.0027050108183175325,13.06909465789795,0.03790283203125
41714,-0.22460857033729553,-0.05855065584182739,0.002667537657544017,11.855788230895996,0.09739742428064346
41841,-0.0032216787803918123,0.05996595695614815,0.002638179110363126,11.020934104919434,0.25744515657424927
41905,1.5850389003753662,-0.04562155529856682,0.003394418628886342,11.303994178771973,0.18025855720043182
41989,0.11831217259168625,-0.1130436435341835,0.0029610812198370695,12.696146011352539,0.07553406059741974
42005,-0.5760904550552368,-0.059512604027986526,0.0024899656418710947,12.018733024597168,0.0862525925040245
42022,0.5706893801689148,0.15258100628852844,0.0028855924028903246,11.051264762878418,0.3244567811489105
42451,1.1143444776535034,0.16960905492305756,0.00321020744740963,11.227534294128418,0.2300029844045639
42578,0.8738061785697937,0.30414673686027527,0.0028866108041256666,9.524269104003906,0.4411163330078125
42608,1.5327379703521729,0.20509850978851318,0.00341094215400517,11.21412181854248,0.4478774964809418
42924,1.1330231428146362,0.04741446301341057,0.0030832095071673393,10.531113624572754,0.30940261483192444
42954,0.7960278987884521,-0.006636196281760931,0.0029830054845660925,10.771631240844727,0.1934867948293686
42975,-0.3824314773082733,-0.16292619705200195,0.0024064313620328903,10.485231399536133,0.05558929592370987
43125,-0.9867767691612244,-0.07305154949426651,0.0024671650025993586,13.155458450317383,0.07224731892347336
43162,-1.3460091352462769,-0.22311370074748993,0.002476004185155034,14.416313171386719,0.003994751255959272
43319,-0.5814530849456787,-0.14192429184913635,0.002353616990149021,10.882575988769531,0.08433928340673447
43339,1.6944178342819214,0.7173453569412231,0.003366634948179126,10.490387916564941,0.916272759437561
43587,0.7224587798118591,0.7728286385536194,0.0029303422197699547,10.726428031921387,0.6124511957168579
43701,0.52128666639328,-0.39221563935279846,0.0029763388447463512,11.725759506225586,-0.02144947089254856
43748,-1.222378134727478,-0.21855823695659637,0.0023019881919026375,13.133471488952637,0.008457183837890625
43990,0.037028323858976364,-0.04132967069745064,0.0029394233133643866,12.862788200378418,0.12434196472167969
44290,-0.1632312536239624,-0.31304141879081726,0.002932113129645586,14.105143547058105,-0.03462982177734375
44319,-0.6936859488487244,-0.2170916348695755,0.0026534271892160177,13.375106811523438,0.01697692833840847
44397,0.8395906686782837,0.0067875864915549755,0.0032194603700190783,12.116281509399414,0.2113601714372635
44716,0.5709794163703918,-0.14325827360153198,0.002908447990193963,10.98062801361084,0.07789993286132812
44785,0.47538742423057556,-0.03106529824435711,0.0028687301091849804,11.053412437438965,0.16157732903957367
44826,-0.7053744196891785,-0.22102203965187073,0.002686847699806094,14.136253356933594,0.004079055972397327
44846,0.5148148536682129,0.15653033554553986,0.0030443817377090454,12.312603950500488,0.17803345620632172
44867,0.4378250539302826,0.2124142199754715,0.00283999415114522,10.85236644744873,0.2968929409980774
44961,-0.43877944350242615,-0.06967159360647202,0.0024177944287657738,11.059657096862793,0.10232696682214737
45025,0.48926398158073425,-0.24287553131580353,0.0031336003448814154,12.967241287231445,-0.002593612764030695
45051,0.6450349688529968,0.29420551657676697,0.002950090216472745,11.222957611083984,0.3841613829135895
45058,1.176195740699768,-0.12796691060066223,0.003077390370890498,10.002009391784668,0.01615295372903347
45220,0.2521214187145233,-0.11290060728788376,0.003202101681381464,14.551826477050781,0.08645477145910263
45270,-1.0132735967636108,-0.17597313225269318,0.0021815793588757515,11.292933464050293,0.02442474476993084
45475,1.8138964176177979,0.12828944623470306,0.003481445834040642,10.920063018798828,0.2989997863769531
45515,0.9653223156929016,-0.18553206324577332,0.003221024526283145,11.77788257598877,0.03755912929773331
45583,-1.0951892137527466,-0.14685431122779846,0.002613144926726818,14.73986530303955,0.071441650390625
45601,-0.5354045629501343,-0.02781050279736519,0.002522207796573639,11.938484191894531,0.18393631279468536
45603,-1.1926249265670776,-0.19460010528564453,0.0024876073002815247,14.230582237243652,0.04684190824627876
45970,1.0583792924880981,1.4366512298583984,0.0030125274788588285,9.5911283493042,0.9027343988418579
46110,0.5759615898132324,-0.4004337787628174,0.0029403537046164274,11.162551879882812,-0.06580810993909836
46182,0.9589570164680481,0.42580366134643555,0.0031219476368278265,11.003218650817871,0.510650634765625
46189,-1.4363654851913452,-0.1951567530632019,0.0023161214776337147,13.985918045043945,0.02339935302734375
46319,-0.907284677028656,-0.21069978177547455,0.002652642084285617,14.063745498657227,0.013087845407426357
46351,-0.4544205665588379,0.02542506530880928,0.002553275553509593,12.175127029418945,0.20739732682704926
46392,-0.9128891825675964,-0.07519865781068802,0.0024332497268915176,12.726848602294922,0.10370483249425888
46518,0.42771369218826294,-0.06835021823644638,0.002841201378032565,10.81612491607666,0.11935348808765411
46551,0.4205496311187744,0.35564014315605164,0.002754984423518181,10.17363452911377,0.32495927810668945
46584,0.7057982087135315,0.30061888694763184,0.0029766883235424757,11.015511512756348,0.42364808917045593
46726,0.07333815097808838,-0.10590893030166626,0.0028775320388376713,12.839706420898438,0.11197357624769211
46881,-1.1585934162139893,-0.05935680866241455,0.0021242559887468815,11.27066707611084,0.12118301540613174
46916,-0.6327319145202637,-0.21915555000305176,0.002395645482465625,11.495140075683594,-0.012939834967255592
46958,1.2816048860549927,0.02773532271385193,0.0030477982945740223,9.119028091430664,0.23663197457790375
47026,-0.03450169786810875,-0.06480377167463303,0.002599557628855109,10.704314231872559,0.09054050594568253
47301,-0.5223942399024963,-0.051696956157684326,0.0022074454464018345,9.746661186218262,0.1315591186285019
47394,0.1903688758611679,-0.09096335619688034,0.0028212368488311768,11.968059539794922,0.0843658447265625
47395,-0.28862494230270386,0.46355175971984863,0.0026309636887162924,11.870530128479004,0.27763938903808594
47409,-2.1714539527893066,-0.22975695133209229,0.0020993039943277836,14.813387870788574,0.0007186889997683465
47446,-0.13002295792102814,0.00703474273905158,0.0027978888247162104,12.675844192504883,0.28765869140625
47454,-0.5527076721191406,-0.11431939899921417,0.002525150077417493,12.04692268371582,0.06777801364660263
47588,0.7217122316360474,-0.5058547258377075,0.002860736334696412,10.33292007446289,-0.06394272297620773
47625,-0.9042503237724304,-0.0874868780374527,0.0025539363268762827,13.579388618469238,0.09543609619140625
48036,0.034850113093853,-0.12333756685256958,0.0028132048901170492,12.334912300109863,0.06509361416101456
48132,-0.5776837468147278,-0.10395196825265884,0.002574971644207835,12.464018821716309,0.07040195912122726
48182,0.3338591158390045,0.2015986442565918,0.0025913778226822615,9.530194282531738,0.24967728555202484
48197,-1.439778447151184,-0.4379555881023407,0.0022287413012236357,13.231541633605957,-0.20256881415843964
48266,-1.659265160560608,-0.19489440321922302,0.0021275843027979136,12.995503425598145,0.04572730138897896
48268,0.8071227073669434,-0.13534651696681976,0.003351957770064473,13.539133071899414,0.12044372409582138
48363,0.054423738270998,0.04947527125477791,0.002762045944109559,11.453874588012695,0.23093871772289276
48422,-0.42629867792129517,0.24743671715259552,0.0025083303917199373,11.452096939086914,0.31217727065086365
48459,-0.35071441531181335,-0.2359636276960373,0.0026131789200007915,11.748082160949707,-0.0002838134823832661
48520,-0.329211950302124,-0.00757999811321497,0.0025889661628752947,11.588458061218262,0.16538619995117188
48586,-1.0708775520324707,0.8699727058410645,0.0023360797204077244,12.528717994689941,0.8693915605545044
48665,1.566605806350708,-0.07650818675756454,0.0033229123800992966,10.85708999633789,0.11380615085363388
48730,1.2112420797348022,-0.17213954031467438,0.0033641576301306486,11.961474418640137,0.06124000623822212
48804,-0.12311529368162155,0.3349410891532898,0.002705003833398223,12.066725730895996,0.4069781005382538
48849,-0.3692133128643036,-0.14438055455684662,0.0026420678477734327,12.253581047058105,0.04635810852050781
49091,1.5274142026901245,0.41213536262512207,0.0032921363599598408,10.465089797973633,0.5047516226768494
49376,1.9400802850723267,0.24802835285663605,0.003572271903976798,11.014191627502441,0.2548958957195282
49380,0.4694983959197998,-0.1966104805469513,0.0027464269660413265,10.044340133666992,0.026940537616610527
49924,-0.5803290605545044,-0.03147458657622337,0.0023579213302582502,11.097926139831543,0.10901184380054474
49954,-1.8699445724487305,-0.28710585832595825,0.0020524021238088608,13.192570686340332,-0.03660387918353081
49969,-0.5455765724182129,-0.2196059674024582,0.002751896856352687,13.765986442565918,0.00618248013779521
49997,-0.9811978340148926,-0.17468534409999847,0.0025568322744220495,13.991264343261719,0.07422485202550888
